Tesla Location Address,Location
"11010 NE 8th St Bellevue, Washington 98004","47.62128514958681, -122.1943334939272"
"200 110th Ave Bellevue, WA 98004","47.615551, -122.194319"
"300 112th Ave SE Bellevue, WA 98004","47.607840, -122.189593"
"208 106th Pl NE Bellevue, WA 98004","47.61174505916014, -122.19976368508658"
"223 Bellevue Square
Space 104
Bellevue, WA 98004","47.61668174891409, -122.2032228233051"
"14408 NE 20th Street
Bellevue, WA 98007","47.63233356855926, -122.14817507075851"
